0.9844,"['Orlando Magic', 'Detroit Pistons']","['Sportium', '2.25', 'Betfair', ' 1.75 ']"
0.9817,"['Philadelphia 76ers', 'Charlotte Hornets']","['Sportium', '1.57', 'Betfair', ' 2.62 ']"
0.9816,"['Utah Jazz', 'Minnesota Timberwolves']","['Sportium', '1.38', 'Betfair', ' 3.4 ']"
0.9786,"['Memphis Grizzlies', 'Denver Nuggets']","['Betfair', ' 3.1 ', 'Sportium', '1.43']"
0.9775,"['Washington Wizards', 'Toronto Raptors']","['Sportium', '2.30', 'Betfair', ' 1.7 ']"
0.9767,"['Tottenham', 'Huddersfield town']","['Betfair', ' 1.2 ', 'Sportium', '7.00', 'Betfair', ' 21.0 ']"
0.9761,"['Real Madrid', 'Getafe']","['Sportium', '1.22', 'Betfair', ' 7.5 ', 'Betfair', ' 14.0 ']"
0.9729,"['Saint Etienne', 'Dijon']","['Sportium', '1.75', 'Betfair', ' 3.9 ', 'Betfair', ' 5.0 ']"
0.9724,"['Tottenham', 'Huddersfield town']","['Sportium', '1.18', 'Betfair', ' 7.5 ', 'Betfair', ' 21.0 ']"
0.9716,"['Liverpool', 'Newcastle']","['Betfair', ' 1.22 ', 'Betfair', ' 7.0 ', 'Sportium', '15.00']"
0.9709,"['Real Madrid', 'Getafe']","['Sportium', '1.22', 'Betfair', ' 7.5 ', 'Sportium', '13.00']"
0.9692,"['Liverpool', 'Oporto']","['Betfair', ' 1.5 ', 'Betfair', ' 4.5 ', 'Sportium', '7.00']"
0.9692,"['Liverpool', 'Oporto']","['Sportium', '1.50', 'Betfair', ' 4.5 ', 'Sportium', '7.00']"
0.9691,"['Hamburg', 'Mainz 05']","['Sportium', '2.30', 'Betfair', ' 3.3 ', 'Betfair', ' 3.4 ']"
0.9689,"['Brighton', 'Arsenal']","['Sportium', '4.20', 'Betfair', ' 3.9 ', 'Betfair', ' 1.86 ']"
0.9679,"['RB Leipzig', 'Zenit']","['Betfair', ' 1.7 ', 'Betfair', ' 3.8 ', 'Sportium', '5.50']"
0.9679,"['RB Leipzig', 'Zenit']","['Betfair', ' 1.7 ', 'Sportium', '3.80', 'Sportium', '5.50']"
0.9673,"['Brighton', 'Arsenal']","['Betfair', ' 4.33 ', 'Betfair', ' 3.9 ', 'Sportium', '1.83']"
0.9672,"['Manchester City', 'Chelsea']","['Sportium', '1.61', 'Betfair', ' 4.33 ', 'Betfair', ' 5.5 ']"
0.967,"['Atlanta Hawks', 'Golden State Warriors']","['Sportium', '8.00', 'Betfair', ' 1.1 ']"
0.9669,"['Chicago Bulls', 'Dallas Mavericks']","['Betfair', ' 2.05 ', 'Sportium', '1.83']"
0.9669,"['Roma', 'Torino']","['Sportium', '1.66', 'Betfair', ' 4.0 ', 'Betfair', ' 5.5 ']"
0.9669,"['Monaco', 'Bordeaux']","['Sportium', '1.66', 'Betfair', ' 4.0 ', 'Betfair', ' 5.5 ']"
0.9668,"['Tottenham', 'Juventus']","['Sportium', '2.20', 'Betfair', ' 3.4 ', 'Betfair', ' 3.5 ']"
0.9668,"['Tottenham', 'Juventus']","['Sportium', '2.20', 'Sportium', '3.40', 'Betfair', ' 3.5 ']"
0.9668,"['Chelsea', 'Crystal Palace']","['Sportium', '1.30', 'Betfair', ' 5.5 ', 'Betfair', ' 12.0 ']"
0.9666,"['Oly. de Marsella', 'Nantes']","['Sportium', '1.53', 'Betfair', ' 4.2 ', 'Betfair', ' 7.0 ']"
0.9664,"['Caen', 'Estraburgo']","['Sportium', '2.15', 'Betfair', ' 3.3 ', 'Betfair', ' 3.75 ']"
0.9661,"['SPAL', 'Bolonia']","['Betfair', ' 2.5 ', 'Betfair', ' 3.2 ', 'Sportium', '3.10']"
0.9661,"['Ausburg', 'Hoffenheim']","['Sportium', '2.65', 'Betfair', ' 3.4 ', 'Betfair', ' 2.75 ']"
0.9661,"['Amiens', 'Rennes']","['Sportium', '3.20', 'Betfair', ' 3.1 ', 'Betfair', ' 2.5 ']"
0.9649,"['Villarreal', 'Girona']","['Sportium', '1.80', 'Betfair', ' 3.7 ', 'Betfair', ' 4.75 ']"
0.9649,"['Burnley', 'Everton']","['Betfair', ' 2.5 ', 'Sportium', '3.00', 'Betfair', ' 3.3 ']"
0.9647,"['Sassuolo', 'SPAL']","['Sportium', '1.95', 'Betfair', ' 3.5 ', 'Betfair', ' 4.2 ']"
0.9645,"['Torino', 'Crotone']","['Sportium', '1.44', 'Betfair', ' 4.6 ', 'Betfair', ' 8.0 ']"
0.9638,"['Levante', 'Espa\xef\xbf\xbdol']","['Sportium', '3.00', 'Betfair', ' 3.1 ', 'Betfair', ' 2.62 ']"
0.9635,"['Tottenham', 'Huddersfield town']","['Sportium', '1.18', 'Sportium', '7.00', 'Betfair', ' 21.0 ']"
0.9633,"['Sevilla', 'Athletic de Bilbao']","['Sportium', '1.75', 'Betfair', ' 3.75 ', 'Betfair', ' 5.0 ']"
0.9631,"['Atalanta', 'Sampdoria']","['Sportium', '1.75', 'Betfair', ' 3.9 ', 'Betfair', ' 4.75 ']"
0.9631,"['Saint Etienne', 'Dijon']","['Sportium', '1.75', 'Betfair', ' 3.9 ', 'Sportium', '4.75']"
0.9631,"['Borussia Dormund', 'RB Salzburg']","['Betfair', ' 1.44 ', 'Betfair', ' 4.75 ', 'Sportium', '7.50']"
0.9631,"['Borussia Dormund', 'RB Salzburg']","['Sportium', '1.44', 'Betfair', ' 4.75 ', 'Sportium', '7.50']"
0.9625,"['Leicester', 'Bournemouth']","['Betfair', ' 1.85 ', 'Betfair', ' 3.8 ', 'Sportium', '4.25']"
0.9621,"['Genova', 'Cagliari']","['Sportium', '1.87', 'Betfair', ' 3.4 ', 'Betfair', ' 4.75 ']"
0.9614,"['Liverpool', 'Newcastle']","['Betfair', ' 1.22 ', 'Sportium', '6.50', 'Betfair', ' 15.0 ']"
0.9614,"['Liverpool', 'Newcastle']","['Betfair', ' 1.22 ', 'Sportium', '6.50', 'Sportium', '15.00']"
0.9611,"['Liverpool', 'Oporto']","['Betfair', ' 1.5 ', 'Sportium', '4.33', 'Sportium', '7.00']"
0.961,"['Chicago Bulls', 'Dallas Mavericks']","['Sportium', '2.00', 'Betfair', ' 1.85 ']"
0.961,"['Hoffenheim', 'Wolfsburg']","['Sportium', '1.83', 'Betfair', ' 3.8 ', 'Betfair', ' 4.33 ']"
0.9609,"['Manchester City', 'Basel']","['Sportium', '1.14', 'Betfair', ' 8.0 ', 'Sportium', '26.00']"
0.9609,"['Roma', 'Torino']","['Sportium', '1.66', 'Sportium', '3.90', 'Betfair', ' 5.5 ']"
0.9609,"['Monaco', 'Bordeaux']","['Sportium', '1.66', 'Sportium', '3.90', 'Betfair', ' 5.5 ']"
0.9609,"['Atletico de Madrid', 'Lokomotiv Moscou']","['Betfair', ' 1.25 ', 'Betfair', ' 5.5 ', 'Sportium', '17.00']"
0.9609,"['Atletico de Madrid', 'Lokomotiv Moscou']","['Betfair', ' 1.25 ', 'Sportium', '5.50', 'Sportium', '17.00']"
0.9609,"['Atletico de Madrid', 'Lokomotiv Moscou']","['Sportium', '1.25', 'Betfair', ' 5.5 ', 'Sportium', '17.00']"
0.9608,"['PSG', 'Real Madrid']","['Betfair', ' 2.05 ', 'Betfair', ' 4.0 ', 'Sportium', '3.30']"
0.9608,"['PSG', 'Real Madrid']","['Betfair', ' 2.05 ', 'Sportium', '4.00', 'Betfair', ' 3.3 ']"
0.9608,"['PSG', 'Real Madrid']","['Betfair', ' 2.05 ', 'Sportium', '4.00', 'Sportium', '3.30']"
0.9608,"['PSG', 'Real Madrid']","['Sportium', '2.05', 'Betfair', ' 4.0 ', 'Betfair', ' 3.3 ']"
0.9608,"['PSG', 'Real Madrid']","['Sportium', '2.05', 'Betfair', ' 4.0 ', 'Sportium', '3.30']"
0.9608,"['PSG', 'Real Madrid']","['Sportium', '2.05', 'Sportium', '4.00', 'Betfair', ' 3.3 ']"
0.9607,"['Brighton', 'Arsenal']","['Sportium', '4.20', 'Betfair', ' 3.9 ', 'Sportium', '1.83']"
0.9605,"['Everton', 'Brighton']","['Sportium', '2.00', 'Betfair', ' 3.3 ', 'Betfair', ' 4.2 ']"
0.96,"['Southampton', 'Stoke City']","['Betfair', ' 1.75 ', 'Betfair', ' 3.7 ', 'Sportium', '5.00']"
0.96,"['Napoles', 'Roma']","['Betfair', ' 1.6 ', 'Sportium', '4.00', 'Betfair', ' 6.0 ']"
0.96,"['Chievo', 'Sassuolo']","['Betfair', ' 2.4 ', 'Betfair', ' 3.2 ', 'Sportium', '3.20']"
0.96,"['Frankfurt', 'Hannover 96']","['Sportium', '1.75', 'Betfair', ' 3.7 ', 'Betfair', ' 5.0 ']"
0.96,"['Metz', 'Toulouse']","['Betfair', ' 2.75 ', 'Betfair', ' 3.25 ', 'Sportium', '2.70']"
0.96,"['Metz', 'Toulouse']","['Sportium', '2.70', 'Betfair', ' 3.25 ', 'Betfair', ' 2.75 ']"
0.9599,"['Leicester', 'Bournemouth']","['Betfair', ' 1.85 ', 'Sportium', '3.70', 'Betfair', ' 4.33 ']"
0.9599,"['Sporting de Lisboa', 'Viktoria Plzen']","['Betfair', ' 1.4 ', 'Betfair', ' 4.5 ', 'Sportium', '9.50']"
0.9599,"['Sporting de Lisboa', 'Viktoria Plzen']","['Sportium', '1.40', 'Betfair', ' 4.5 ', 'Sportium', '9.50']"
0.9594,"['Burnley', 'Everton']","['Sportium', '2.40', 'Betfair', ' 3.1 ', 'Betfair', ' 3.3 ']"
0.959,"['Liverpool', 'Oporto']","['Sportium', '1.50', 'Betfair', ' 4.5 ', 'Betfair', ' 6.5 ']"
0.959,"['Tottenham', 'Juventus']","['Sportium', '2.20', 'Betfair', ' 3.4 ', 'Sportium', '3.40']"
0.959,"['Wolfsburg', 'Bayern Leverkusen']","['Betfair', ' 3.4 ', 'Sportium', '3.40', 'Betfair', ' 2.2 ']"
0.9589,"['Liverpool', 'Newcastle']","['Sportium', '1.20', 'Betfair', ' 7.0 ', 'Betfair', ' 15.0 ']"
0.9589,"['Liverpool', 'Newcastle']","['Sportium', '1.20', 'Betfair', ' 7.0 ', 'Sportium', '15.00']"
0.9585,"['Lazio', 'Juventus']","['Sportium', '3.50', 'Betfair', ' 3.3 ', 'Betfair', ' 2.2 ']"
0.9582,"['Real Madrid', 'Getafe']","['Betfair', ' 1.2 ', 'Betfair', ' 7.5 ', 'Sportium', '13.00']"
0.9582,"['Tottenham', 'Huddersfield town']","['Betfair', ' 1.2 ', 'Betfair', ' 7.5 ', 'Sportium', '13.00']"
0.9582,"['Newcastle', 'Southampton']","['Betfair', ' 2.55 ', 'Betfair', ' 3.3 ', 'Sportium', '2.87']"
0.9582,"['Newcastle', 'Southampton']","['Sportium', '2.55', 'Betfair', ' 3.3 ', 'Betfair', ' 2.87 ']"
0.9582,"['Newcastle', 'Southampton']","['Sportium', '2.55', 'Betfair', ' 3.3 ', 'Sportium', '2.87']"
0.9578,"['Ausburg', 'Hoffenheim']","['Sportium', '2.65', 'Sportium', '3.30', 'Betfair', ' 2.75 ']"
0.9576,"['Monaco', 'Bordeaux']","['Betfair', ' 1.65 ', 'Sportium', '3.90', 'Betfair', ' 5.5 ']"
0.9575,"['Manchester City', 'Chelsea']","['Betfair', ' 1.61 ', 'Betfair', ' 4.33 ', 'Sportium', '5.20']"
0.9575,"['Manchester City', 'Chelsea']","['Sportium', '1.61', 'Betfair', ' 4.33 ', 'Sportium', '5.20']"
0.9574,"['Colonia', 'Stuttgart']","['Sportium', '2.45', 'Betfair', ' 3.3 ', 'Betfair', ' 3.0 ']"
0.9573,"['Barcelona', 'Atletico de Madrid']","['Sportium', '1.70', 'Betfair', ' 3.9 ', 'Betfair', ' 5.0 ']"
0.9573,"['Valencia', 'Betis']","['Betfair', ' 1.47 ', 'Betfair', ' 4.75 ', 'Sportium', '6.50']"
0.9572,"['West Brom Albion', 'Leicester']","['Betfair', ' 2.9 ', 'Betfair', ' 3.25 ', 'Sportium', '2.55']"
0.9572,"['West Brom Albion', 'Leicester']","['Sportium', '2.90', 'Betfair', ' 3.25 ', 'Sportium', '2.55']"
0.9571,"['Chelsea', 'Crystal Palace']","['Sportium', '1.30', 'Sportium', '5.20', 'Betfair', ' 12.0 ']"
0.9571,"['Lazio', 'Juventus']","['Betfair', ' 3.6 ', 'Sportium', '3.20', 'Betfair', ' 2.2 ']"
0.957,"['Real Madrid', 'Getafe']","['Sportium', '1.22', 'Sportium', '6.50', 'Betfair', ' 14.0 ']"
0.957,"['Tottenham', 'Juventus']","['Betfair', ' 2.15 ', 'Sportium', '3.40', 'Betfair', ' 3.5 ']"
0.957,"['Benevento', 'Hellas Verona']","['Sportium', '2.15', 'Betfair', ' 3.5 ', 'Betfair', ' 3.4 ']"
0.957,"['Wolfsburg', 'Bayern Leverkusen']","['Betfair', ' 3.4 ', 'Betfair', ' 3.5 ', 'Sportium', '2.15']"
0.9568,"['Celta de Vigo', 'Las Palmas']","['Sportium', '1.44', 'Betfair', ' 4.6 ', 'Betfair', ' 7.5 ']"
0.9568,"['Burnley', 'Everton']","['Betfair', ' 2.5 ', 'Betfair', ' 3.1 ', 'Sportium', '3.10']"
0.9568,"['Huddersfield town', 'Swansea']","['Sportium', '2.50', 'Betfair', ' 3.1 ', 'Betfair', ' 3.1 ']"
0.9568,"['SPAL', 'Bolonia']","['Betfair', ' 2.5 ', 'Sportium', '3.10', 'Betfair', ' 3.1 ']"
0.9568,"['SPAL', 'Bolonia']","['Betfair', ' 2.5 ', 'Sportium', '3.10', 'Sportium', '3.10']"
0.9568,"['Torino', 'Crotone']","['Sportium', '1.44', 'Betfair', ' 4.6 ', 'Sportium', '7.50']"
0.9568,"['Lazio', 'Dinamo Kiev']","['Betfair', ' 1.44 ', 'Betfair', ' 4.6 ', 'Sportium', '7.50']"
0.9568,"['Lazio', 'Dinamo Kiev']","['Sportium', '1.44', 'Betfair', ' 4.6 ', 'Sportium', '7.50']"
0.9567,"['Atalanta', 'Sampdoria']","['Sportium', '1.75', 'Betfair', ' 3.9 ', 'Sportium', '4.60']"
0.9565,"['Hamburg', 'Mainz 05']","['Betfair', ' 2.3 ', 'Betfair', ' 3.3 ', 'Sportium', '3.25']"
0.9565,"['Hamburg', 'Mainz 05']","['Sportium', '2.30', 'Betfair', ' 3.3 ', 'Sportium', '3.25']"
0.9562,"['Philadelphia 76ers', 'Charlotte Hornets']","['Betfair', ' 1.53 ', 'Sportium', '2.55']"
0.9562,"['Amiens', 'Rennes']","['Sportium', '3.20', 'Sportium', '3.00', 'Betfair', ' 2.5 ']"
0.9562,"['Angers', 'Guingamp']","['Sportium', '2.00', 'Betfair', ' 3.25 ', 'Betfair', ' 4.2 ']"
0.9561,"['Watford', 'West Brom Albion']","['Betfair', ' 2.1 ', 'Betfair', ' 3.3 ', 'Sportium', '3.75']"
0.9561,"['Lazio', 'Juventus']","['Betfair', ' 3.6 ', 'Betfair', ' 3.3 ', 'Sportium', '2.15']"
0.9559,"['Barcelona', 'Atletico de Madrid']","['Betfair', ' 1.72 ', 'Betfair', ' 3.9 ', 'Sportium', '4.80']"
0.9559,"['Leicester', 'Bournemouth']","['Betfair', ' 1.85 ', 'Sportium', '3.70', 'Sportium', '4.25']"
0.9558,"['Friburgo', 'Bayern Munchen']","['Betfair', ' 10.5 ', 'Betfair', ' 5.5 ', 'Sportium', '1.30']"
0.9557,"['Brighton', 'Arsenal']","['Betfair', ' 4.33 ', 'Sportium', '3.60', 'Betfair', ' 1.86 ']"
0.9557,"['Fiorentina', 'Benevento']","['Sportium', '1.28', 'Betfair', ' 5.5 ', 'Sportium', '12.00']"
0.9557,"['Troyes', 'PSG']","['Betfair', ' 12.0 ', 'Betfair', ' 5.5 ', 'Sportium', '1.28']"
0.9557,"['Troyes', 'PSG']","['Betfair', ' 12.0 ', 'Sportium', '5.50', 'Betfair', ' 1.28 ']"
0.9557,"['Troyes', 'PSG']","['Betfair', ' 12.0 ', 'Sportium', '5.50', 'Sportium', '1.28']"
0.9556,"['Oly. de Marsella', 'Nantes']","['Sportium', '1.53', 'Sportium', '4.00', 'Betfair', ' 7.0 ']"
0.9552,"['Washington Wizards', 'Toronto Raptors']","['Betfair', ' 2.25 ', 'Sportium', '1.66']"
0.9548,"['Schalke 04', 'Hertha Berlin']","['Betfair', ' 1.66 ', 'Betfair', ' 3.8 ', 'Sportium', '5.50']"
0.9548,"['Schalke 04', 'Hertha Berlin']","['Sportium', '1.66', 'Betfair', ' 3.8 ', 'Betfair', ' 5.5 ']"
0.9548,"['Schalke 04', 'Hertha Berlin']","['Sportium', '1.66', 'Betfair', ' 3.8 ', 'Sportium', '5.50']"
0.9548,"['RB Leipzig', 'Zenit']","['Sportium', '1.66', 'Betfair', ' 3.8 ', 'Sportium', '5.50']"
0.9546,"['Napoles', 'Roma']","['Sportium', '1.57', 'Betfair', ' 4.1 ', 'Betfair', ' 6.0 ']"
0.9545,"['Hoffenheim', 'Wolfsburg']","['Sportium', '1.83', 'Sportium', '3.70', 'Betfair', ' 4.33 ']"
0.9544,"['Utah Jazz', 'Minnesota Timberwolves']","['Betfair', ' 1.36 ', 'Sportium', '3.20']"
0.9544,"['Borussia Dormund', 'RB Salzburg']","['Sportium', '1.44', 'Betfair', ' 4.75 ', 'Betfair', ' 7.0 ']"
0.9542,"['Villarreal', 'Girona']","['Betfair', ' 1.8 ', 'Betfair', ' 3.7 ', 'Sportium', '4.50']"
0.9542,"['Villarreal', 'Girona']","['Sportium', '1.80', 'Betfair', ' 3.7 ', 'Sportium', '4.50']"
0.9539,"['Levante', 'Espa\xef\xbf\xbdol']","['Betfair', ' 3.0 ', 'Sportium', '3.00', 'Betfair', ' 2.62 ']"
0.9539,"['Levante', 'Espa\xef\xbf\xbdol']","['Sportium', '3.00', 'Sportium', '3.00', 'Betfair', ' 2.62 ']"
0.9539,"['Ausburg', 'Hoffenheim']","['Betfair', ' 2.62 ', 'Sportium', '3.30', 'Betfair', ' 2.75 ']"
0.9538,"['Bayern Munchen', 'Hamburg']","['Sportium', '1.13', 'Betfair', ' 8.0 ', 'Sportium', '26.00']"
0.9538,"['Metz', 'Toulouse']","['Sportium', '2.70', 'Betfair', ' 3.25 ', 'Sportium', '2.70']"
0.9534,"['Getafe', 'Levante']","['Betfair', ' 1.83 ', 'Betfair', ' 3.4 ', 'Sportium', '4.80']"
0.9534,"['Monchengladbach', 'Werder Bremen']","['Sportium', '2.00', 'Betfair', ' 3.5 ', 'Betfair', ' 3.8 ']"
0.9533,"['Crystal Palace', 'Manchester United']","['Sportium', '6.50', 'Betfair', ' 4.0 ', 'Betfair', ' 1.55 ']"
0.9531,"['Sevilla', 'Athletic de Bilbao']","['Betfair', ' 1.75 ', 'Sportium', '3.60', 'Betfair', ' 5.0 ']"
0.9531,"['Sevilla', 'Athletic de Bilbao']","['Sportium', '1.75', 'Sportium', '3.60', 'Betfair', ' 5.0 ']"
0.9531,"['Southampton', 'Stoke City']","['Betfair', ' 1.75 ', 'Sportium', '3.60', 'Betfair', ' 5.0 ']"
0.9531,"['Southampton', 'Stoke City']","['Betfair', ' 1.75 ', 'Sportium', '3.60', 'Sportium', '5.00']"
0.9531,"['Saint Etienne', 'Dijon']","['Sportium', '1.75', 'Sportium', '3.60', 'Betfair', ' 5.0 ']"
0.9527,"['Leicester', 'Bournemouth']","['Sportium', '1.80', 'Betfair', ' 3.8 ', 'Betfair', ' 4.33 ']"
0.9527,"['Niza', 'Lille']","['Betfair', ' 1.8 ', 'Betfair', ' 3.5 ', 'Sportium', '4.80']"
0.9527,"['Niza', 'Lille']","['Betfair', ' 1.8 ', 'Sportium', '3.40', 'Betfair', ' 5.0 ']"
0.9526,"['Arsenal', 'Watford']","['Betfair', ' 1.4 ', 'Sportium', '4.75', 'Betfair', ' 8.0 ']"
0.9526,"['Arsenal', 'Watford']","['Sportium', '1.40', 'Betfair', ' 4.75 ', 'Betfair', ' 8.0 ']"
0.9526,"['Arsenal', 'Watford']","['Sportium', '1.40', 'Sportium', '4.75', 'Betfair', ' 8.0 ']"
0.9525,"['Metz', 'Toulouse']","['Betfair', ' 2.75 ', 'Sportium', '3.10', 'Betfair', ' 2.75 ']"
0.9524,"['Celta de Vigo', 'Las Palmas']","['Betfair', ' 1.44 ', 'Sportium', '4.50', 'Betfair', ' 7.5 ']"
0.9524,"['Celta de Vigo', 'Las Palmas']","['Sportium', '1.44', 'Sportium', '4.50', 'Betfair', ' 7.5 ']"
0.9524,"['Borussia Dormund', 'RB Salzburg']","['Betfair', ' 1.44 ', 'Sportium', '4.50', 'Sportium', '7.50']"
0.9524,"['Lazio', 'Dinamo Kiev']","['Betfair', ' 1.44 ', 'Sportium', '4.50', 'Sportium', '7.50']"
0.9522,"['Udinese', 'Fiorentina']","['Sportium', '3.25', 'Betfair', ' 3.25 ', 'Betfair', ' 2.3 ']"
0.9522,"['Bayern Munchen', 'Hamburg']","['Sportium', '1.13', 'Sportium', '8.50', 'Betfair', ' 21.0 ']"
0.9521,"['Hellas Verona', 'Chievo']","['Betfair', ' 3.2 ', 'Sportium', '3.30', 'Betfair', ' 2.3 ']"
0.9521,"['Hellas Verona', 'Chievo']","['Sportium', '3.20', 'Betfair', ' 3.3 ', 'Betfair', ' 2.3 ']"
0.9521,"['Hellas Verona', 'Chievo']","['Sportium', '3.20', 'Sportium', '3.30', 'Betfair', ' 2.3 ']"
0.9519,"['Chievo', 'Sassuolo']","['Sportium', '2.35', 'Betfair', ' 3.2 ', 'Sportium', '3.20']"
0.9519,"['Sporting de Lisboa', 'Viktoria Plzen']","['Betfair', ' 1.4 ', 'Sportium', '4.33', 'Sportium', '9.50']"
0.9518,"['Everton', 'Brighton']","['Sportium', '2.00', 'Sportium', '3.20', 'Betfair', ' 4.2 ']"
0.9518,"['Angers', 'Guingamp']","['Betfair', ' 2.0 ', 'Sportium', '3.20', 'Betfair', ' 4.2 ']"
0.9518,"['Angers', 'Guingamp']","['Sportium', '2.00', 'Sportium', '3.20', 'Betfair', ' 4.2 ']"
0.9517,"['Napoles', 'Roma']","['Betfair', ' 1.6 ', 'Betfair', ' 4.1 ', 'Sportium', '5.50']"
0.9515,"['Atlanta Hawks', 'Golden State Warriors']","['Betfair', ' 8.0 ', 'Sportium', '1.08']"
0.9514,"['Chelsea', 'Crystal Palace']","['Sportium', '1.30', 'Betfair', ' 5.5 ', 'Sportium', '10.00']"
0.9514,"['Genova', 'Cagliari']","['Sportium', '1.87', 'Betfair', ' 3.4 ', 'Sportium', '4.50']"
0.9514,"['Friburgo', 'Bayern Munchen']","['Sportium', '10.00', 'Betfair', ' 5.5 ', 'Betfair', ' 1.3 ']"
0.9514,"['Friburgo', 'Bayern Munchen']","['Sportium', '10.00', 'Betfair', ' 5.5 ', 'Sportium', '1.30']"
0.9511,"['Liverpool', 'Oporto']","['Betfair', ' 1.5 ', 'Sportium', '4.33', 'Betfair', ' 6.5 ']"
0.9511,"['Liverpool', 'Oporto']","['Sportium', '1.50', 'Sportium', '4.33', 'Betfair', ' 6.5 ']"
0.9511,"['Besiktas', 'Bayern Munich']","['Sportium', '6.50', 'Betfair', ' 4.33 ', 'Sportium', '1.50']"
0.9511,"['RB Leipzig', 'Zenit']","['Betfair', ' 1.7 ', 'Sportium', '3.80', 'Betfair', ' 5.0 ']"
0.951,"['Valencia', 'Betis']","['Betfair', ' 1.47 ', 'Sportium', '4.60', 'Sportium', '6.50']"
0.951,"['Hamburg', 'Mainz 05']","['Betfair', ' 2.3 ', 'Sportium', '3.10', 'Betfair', ' 3.4 ']"
0.951,"['Hamburg', 'Mainz 05']","['Sportium', '2.30', 'Sportium', '3.10', 'Betfair', ' 3.4 ']"
0.9509,"['Southampton', 'Stoke City']","['Sportium', '1.72', 'Betfair', ' 3.7 ', 'Betfair', ' 5.0 ']"
0.9509,"['Southampton', 'Stoke City']","['Sportium', '1.72', 'Betfair', ' 3.7 ', 'Sportium', '5.00']"
0.9509,"['RB Leipzig', 'Borussia Dormund']","['Betfair', ' 2.55 ', 'Betfair', ' 3.6 ', 'Sportium', '2.62']"
0.9508,"['Villarreal', 'Girona']","['Betfair', ' 1.8 ', 'Sportium', '3.50', 'Betfair', ' 4.75 ']"
0.9508,"['Villarreal', 'Girona']","['Sportium', '1.80', 'Sportium', '3.50', 'Betfair', ' 4.75 ']"
0.9508,"['SPAL', 'Bolonia']","['Sportium', '2.40', 'Betfair', ' 3.2 ', 'Betfair', ' 3.1 ']"
0.9508,"['SPAL', 'Bolonia']","['Sportium', '2.40', 'Betfair', ' 3.2 ', 'Sportium', '3.10']"
0.9508,"['Chievo', 'Sassuolo']","['Betfair', ' 2.4 ', 'Sportium', '3.10', 'Sportium', '3.20']"
0.9508,"['Amiens', 'Rennes']","['Sportium', '3.20', 'Betfair', ' 3.1 ', 'Sportium', '2.40']"
0.9504,"['Atalanta', 'Sampdoria']","['Sportium', '1.75', 'Sportium', '3.70', 'Betfair', ' 4.75 ']"
0.9502,"['Monaco', 'Bordeaux']","['Sportium', '1.66', 'Betfair', ' 4.0 ', 'Sportium', '5.00']"
0.9501,"['West Brom Albion', 'Leicester']","['Sportium', '2.90', 'Betfair', ' 3.25 ', 'Betfair', ' 2.5 ']"
0.9499,"['Lazio', 'Juventus']","['Sportium', '3.50', 'Sportium', '3.20', 'Betfair', ' 2.2 ']"
0.9499,"['Wolfsburg', 'Bayern Leverkusen']","['Sportium', '3.20', 'Betfair', ' 3.5 ', 'Betfair', ' 2.2 ']"
0.9499,"['Mainz 05', 'Schalke 04']","['Betfair', ' 3.1 ', 'Betfair', ' 3.5 ', 'Sportium', '2.25']"
0.9499,"['Mainz 05', 'Schalke 04']","['Sportium', '3.10', 'Betfair', ' 3.5 ', 'Betfair', ' 2.25 ']"
0.9499,"['Mainz 05', 'Schalke 04']","['Sportium', '3.10', 'Betfair', ' 3.5 ', 'Sportium', '2.25']"
0.9497,"['Barcelona', 'Atletico de Madrid']","['Sportium', '1.70', 'Betfair', ' 3.9 ', 'Sportium', '4.80']"
0.9497,"['Manchester City', 'Chelsea']","['Betfair', ' 1.61 ', 'Sportium', '4.00', 'Betfair', ' 5.5 ']"
0.9497,"['Manchester City', 'Chelsea']","['Sportium', '1.61', 'Sportium', '4.00', 'Betfair', ' 5.5 ']"
0.9497,"['Genova', 'Cagliari']","['Sportium', '1.87', 'Sportium', '3.25', 'Betfair', ' 4.75 ']"
0.9496,"['Espa\xef\xbf\xbdol', 'Real sociedad']","['Sportium', '2.40', 'Betfair', ' 3.3 ', 'Betfair', ' 3.0 ']"
0.9496,"['Burnley', 'Everton']","['Sportium', '2.40', 'Sportium', '3.00', 'Betfair', ' 3.3 ']"
0.9496,"['Tottenham', 'Huddersfield town']","['Betfair', ' 1.2 ', 'Sportium', '7.00', 'Sportium', '13.00']"
0.9496,"['Everton', 'Brighton']","['Sportium', '2.00', 'Betfair', ' 3.3 ', 'Sportium', '4.00']"
0.9494,"['Tottenham', 'Juventus']","['Betfair', ' 2.15 ', 'Betfair', ' 3.4 ', 'Sportium', '3.40']"
0.9494,"['Tottenham', 'Juventus']","['Betfair', ' 2.15 ', 'Sportium', '3.40', 'Sportium', '3.40']"
0.9494,"['Benevento', 'Hellas Verona']","['Sportium', '2.15', 'Sportium', '3.40', 'Betfair', ' 3.4 ']"
0.9494,"['AC Milan', 'Inter de Mil\xef\xbf\xbdn']","['Betfair', ' 2.45 ', 'Sportium', '3.10', 'Betfair', ' 3.1 ']"
0.9494,"['Wolfsburg', 'Bayern Leverkusen']","['Betfair', ' 3.4 ', 'Sportium', '3.40', 'Sportium', '2.15']"
0.9492,"['Brighton', 'Arsenal']","['Sportium', '4.20', 'Sportium', '3.60', 'Betfair', ' 1.86 ']"
0.9491,"['Roma', 'Shaktar']","['Sportium', '1.72', 'Sportium', '4.00', 'Betfair', ' 4.5 ']"
0.9491,"['Napoles', 'Roma']","['Sportium', '1.57', 'Sportium', '4.00', 'Betfair', ' 6.0 ']"
0.9489,"['Liverpool', 'Newcastle']","['Sportium', '1.20', 'Sportium', '6.50', 'Betfair', ' 15.0 ']"
0.9489,"['Lazio', 'Juventus']","['Sportium', '3.50', 'Betfair', ' 3.3 ', 'Sportium', '2.15']"
0.9489,"['Benevento', 'Hellas Verona']","['Sportium', '2.15', 'Betfair', ' 3.5 ', 'Sportium', '3.30']"
0.9489,"['Caen', 'Estraburgo']","['Sportium', '2.15', 'Betfair', ' 3.3 ', 'Sportium', '3.50']"
0.9488,"['Leicester', 'Bournemouth']","['Sportium', '1.80', 'Betfair', ' 3.8 ', 'Sportium', '4.25']"
0.9488,"['AC Milan', 'Inter de Mil\xef\xbf\xbdn']","['Betfair', ' 2.45 ', 'Betfair', ' 3.2 ', 'Sportium', '3.00']"
0.9488,"['Sassuolo', 'SPAL']","['Sportium', '1.95', 'Sportium', '3.30', 'Betfair', ' 4.2 ']"
0.9488,"['Colonia', 'Stuttgart']","['Sportium', '2.45', 'Sportium', '3.20', 'Betfair', ' 3.0 ']"
0.9488,"['Troyes', 'PSG']","['Sportium', '11.00', 'Betfair', ' 5.5 ', 'Betfair', ' 1.28 ']"
0.9488,"['Troyes', 'PSG']","['Sportium', '11.00', 'Betfair', ' 5.5 ', 'Sportium', '1.28']"
0.9488,"['Troyes', 'PSG']","['Sportium', '11.00', 'Sportium', '5.50', 'Betfair', ' 1.28 ']"
0.9486,"['Sporting de Lisboa', 'Viktoria Plzen']","['Sportium', '1.40', 'Betfair', ' 4.5 ', 'Betfair', ' 8.5 ']"
0.9484,"['Caen', 'Estraburgo']","['Sportium', '2.15', 'Sportium', '3.10', 'Betfair', ' 3.75 ']"
0.9481,"['Celta de Vigo', 'Las Palmas']","['Betfair', ' 1.44 ', 'Betfair', ' 4.6 ', 'Sportium', '7.00']"
0.9481,"['Celta de Vigo', 'Las Palmas']","['Sportium', '1.44', 'Betfair', ' 4.6 ', 'Sportium', '7.00']"
0.9481,"['Eibar', 'Real Madrid']","['Betfair', ' 7.0 ', 'Betfair', ' 4.6 ', 'Sportium', '1.44']"
0.9481,"['Torino', 'Crotone']","['Sportium', '1.44', 'Sportium', '4.25', 'Betfair', ' 8.0 ']"
0.9481,"['Lazio', 'Dinamo Kiev']","['Sportium', '1.44', 'Betfair', ' 4.6 ', 'Betfair', ' 7.0 ']"
0.948,"['Manchester City', 'Basel']","['Sportium', '1.14', 'Betfair', ' 8.0 ', 'Betfair', ' 19.0 ']"
0.948,"['Manchester City', 'Basel']","['Sportium', '1.14', 'Sportium', '8.00', 'Betfair', ' 19.0 ']"
0.9479,"['Udinese', 'Fiorentina']","['Betfair', ' 3.25 ', 'Sportium', '3.20', 'Betfair', ' 2.3 ']"
0.9479,"['Udinese', 'Fiorentina']","['Sportium', '3.25', 'Sportium', '3.20', 'Betfair', ' 2.3 ']"
0.9479,"['Sassuolo', 'SPAL']","['Sportium', '1.95', 'Betfair', ' 3.5 ', 'Sportium', '3.90']"
0.9479,"['Friburgo', 'Bayern Munchen']","['Betfair', ' 10.5 ', 'Sportium', '5.25', 'Betfair', ' 1.3 ']"
0.9479,"['Friburgo', 'Bayern Munchen']","['Betfair', ' 10.5 ', 'Sportium', '5.25', 'Sportium', '1.30']"
0.9477,"['Brighton', 'Arsenal']","['Betfair', ' 4.33 ', 'Sportium', '3.60', 'Sportium', '1.83']"
0.9477,"['Atalanta', 'Sampdoria']","['Betfair', ' 1.72 ', 'Betfair', ' 3.9 ', 'Sportium', '4.60']"
0.9477,"['Saint Etienne', 'Dijon']","['Betfair', ' 1.7 ', 'Betfair', ' 3.9 ', 'Sportium', '4.75']"
0.9475,"['Watford', 'West Brom Albion']","['Betfair', ' 2.1 ', 'Sportium', '3.20', 'Betfair', ' 3.75 ']"
0.9475,"['Watford', 'West Brom Albion']","['Betfair', ' 2.1 ', 'Sportium', '3.20', 'Sportium', '3.75']"
0.9475,"['Crystal Palace', 'Manchester United']","['Betfair', ' 6.5 ', 'Sportium', '3.90', 'Betfair', ' 1.55 ']"
0.9475,"['Crystal Palace', 'Manchester United']","['Sportium', '6.50', 'Sportium', '3.90', 'Betfair', ' 1.55 ']"
0.9475,"['Lazio', 'Juventus']","['Betfair', ' 3.6 ', 'Sportium', '3.20', 'Sportium', '2.15']"
0.9474,"['Sevilla', 'Athletic de Bilbao']","['Betfair', ' 1.75 ', 'Betfair', ' 3.75 ', 'Sportium', '4.60']"
0.9474,"['Sevilla', 'Athletic de Bilbao']","['Sportium', '1.75', 'Betfair', ' 3.75 ', 'Sportium', '4.60']"
0.9474,"['Besiktas', 'Bayern Munich']","['Betfair', ' 6.0 ', 'Sportium', '4.50', 'Sportium', '1.50']"
0.947,"['Levante', 'Espa\xef\xbf\xbdol']","['Betfair', ' 3.0 ', 'Betfair', ' 3.1 ', 'Sportium', '2.50']"
0.947,"['Levante', 'Espa\xef\xbf\xbdol']","['Sportium', '3.00', 'Betfair', ' 3.1 ', 'Sportium', '2.50']"
0.947,"['Burnley', 'Everton']","['Betfair', ' 2.5 ', 'Sportium', '3.00', 'Sportium', '3.10']"
0.947,"['Swansea', 'West ham']","['Sportium', '2.50', 'Betfair', ' 3.1 ', 'Betfair', ' 3.0 ']"
0.947,"['Huddersfield town', 'Swansea']","['Sportium', '2.50', 'Betfair', ' 3.1 ', 'Sportium', '3.00']"
0.947,"['Huddersfield town', 'Swansea']","['Sportium', '2.50', 'Sportium', '3.00', 'Betfair', ' 3.1 ']"
0.947,"['Colonia', 'Stuttgart']","['Sportium', '2.45', 'Betfair', ' 3.3 ', 'Sportium', '2.90']"
0.947,"['Amiens', 'Rennes']","['Betfair', ' 3.1 ', 'Sportium', '3.00', 'Betfair', ' 2.5 ']"
0.9469,"['Ausburg', 'Hoffenheim']","['Sportium', '2.65', 'Betfair', ' 3.4 ', 'Sportium', '2.60']"
0.9469,"['Monaco', 'Bordeaux']","['Betfair', ' 1.65 ', 'Betfair', ' 4.0 ', 'Sportium', '5.00']"
0.9464,"['Metz', 'Toulouse']","['Betfair', ' 2.75 ', 'Sportium', '3.10', 'Sportium', '2.70']"
0.9464,"['Metz', 'Toulouse']","['Sportium', '2.70', 'Sportium', '3.10', 'Betfair', ' 2.75 ']"
0.9463,"['Leicester', 'Bournemouth']","['Sportium', '1.80', 'Sportium', '3.70', 'Betfair', ' 4.33 ']"
0.9463,"['Hoffenheim', 'Wolfsburg']","['Betfair', ' 1.8 ', 'Sportium', '3.70', 'Betfair', ' 4.33 ']"
0.9462,"['Orlando Magic', 'Detroit Pistons']","['Betfair', ' 2.15 ', 'Sportium', '1.69']"
0.9462,"['Chelsea', 'Crystal Palace']","['Betfair', ' 1.28 ', 'Sportium', '5.20', 'Betfair', ' 12.0 ']"
0.9462,"['Napoles', 'Roma']","['Betfair', ' 1.6 ', 'Sportium', '4.00', 'Sportium', '5.50']"
0.9462,"['Genova', 'Cagliari']","['Betfair', ' 1.85 ', 'Betfair', ' 3.4 ', 'Sportium', '4.50']"
0.9461,"['AC Milan', 'Inter de Mil\xef\xbf\xbdn']","['Sportium', '2.37', 'Betfair', ' 3.2 ', 'Betfair', ' 3.1 ']"
0.9459,"['Frankfurt', 'Hannover 96']","['Betfair', ' 1.75 ', 'Sportium', '3.50', 'Betfair', ' 5.0 ']"
0.9459,"['Frankfurt', 'Hannover 96']","['Sportium', '1.75', 'Sportium', '3.50', 'Betfair', ' 5.0 ']"
0.9459,"['Niza', 'Lille']","['Sportium', '1.75', 'Betfair', ' 3.5 ', 'Betfair', ' 5.0 ']"
0.9458,"['Monchengladbach', 'Werder Bremen']","['Betfair', ' 2.0 ', 'Sportium', '3.40', 'Betfair', ' 3.8 ']"
0.9458,"['Monchengladbach', 'Werder Bremen']","['Sportium', '2.00', 'Sportium', '3.40', 'Betfair', ' 3.8 ']"
0.9457,"['Crystal Palace', 'Manchester United']","['Betfair', ' 6.5 ', 'Betfair', ' 4.0 ', 'Sportium', '1.53']"
0.9457,"['Crystal Palace', 'Manchester United']","['Sportium', '6.50', 'Betfair', ' 4.0 ', 'Sportium', '1.53']"
0.9456,"['Watford', 'West Brom Albion']","['Sportium', '2.05', 'Betfair', ' 3.3 ', 'Betfair', ' 3.75 ']"
0.9456,"['Watford', 'West Brom Albion']","['Sportium', '2.05', 'Betfair', ' 3.3 ', 'Sportium', '3.75']"
0.9456,"['Bayern Munchen', 'Hamburg']","['Sportium', '1.13', 'Betfair', ' 8.0 ', 'Betfair', ' 21.0 ']"
0.9455,"['Espa\xef\xbf\xbdol', 'Real sociedad']","['Betfair', ' 2.4 ', 'Sportium', '3.25', 'Betfair', ' 3.0 ']"
0.9455,"['Espa\xef\xbf\xbdol', 'Real sociedad']","['Sportium', '2.40', 'Sportium', '3.25', 'Betfair', ' 3.0 ']"
0.9454,"['Tottenham', 'Huddersfield town']","['Sportium', '1.18', 'Betfair', ' 7.5 ', 'Sportium', '13.00']"
0.9453,"['Getafe', 'Levante']","['Betfair', ' 1.83 ', 'Sportium', '3.30', 'Sportium', '4.80']"
0.9452,"['Getafe', 'Levante']","['Sportium', '1.80', 'Betfair', ' 3.4 ', 'Sportium', '4.80']"
0.9452,"['Niza', 'Lille']","['Betfair', ' 1.8 ', 'Sportium', '3.40', 'Sportium', '4.80']"
0.9449,"['Fiorentina', 'Benevento']","['Sportium', '1.28', 'Betfair', ' 5.5 ', 'Betfair', ' 10.5 ']"
0.9449,"['Fiorentina', 'Benevento']","['Sportium', '1.28', 'Sportium', '5.50', 'Betfair', ' 10.5 ']"
0.9449,"['Oly. de Marsella', 'Nantes']","['Sportium', '1.53', 'Betfair', ' 4.2 ', 'Sportium', '6.00']"
0.9447,"['Manchester United', 'Sevilla']","['Sportium', '1.72', 'Sportium', '3.75', 'Betfair', ' 4.75 ']"
0.9446,"['Real Madrid', 'Getafe']","['Betfair', ' 1.2 ', 'Sportium', '6.50', 'Betfair', ' 14.0 ']"
0.9445,"['Valencia', 'Betis']","['Sportium', '1.44', 'Betfair', ' 4.75 ', 'Sportium', '6.50']"
0.9445,"['Barcelona', 'Chelsea']","['Sportium', '1.44', 'Betfair', ' 4.33 ', 'Sportium', '7.50']"
0.9445,"['Genova', 'Cagliari']","['Betfair', ' 1.85 ', 'Sportium', '3.25', 'Betfair', ' 4.75 ']"
0.9445,"['Atletico de Madrid', 'Lokomotiv Moscou']","['Betfair', ' 1.25 ', 'Sportium', '5.50', 'Betfair', ' 13.0 ']"
0.9445,"['Atletico de Madrid', 'Lokomotiv Moscou']","['Sportium', '1.25', 'Betfair', ' 5.5 ', 'Betfair', ' 13.0 ']"
0.9445,"['Atletico de Madrid', 'Lokomotiv Moscou']","['Sportium', '1.25', 'Sportium', '5.50', 'Betfair', ' 13.0 ']"
0.9442,"['Memphis Grizzlies', 'Denver Nuggets']","['Sportium', '2.90', 'Betfair', ' 1.4 ']"
0.9442,"['Frankfurt', 'Hannover 96']","['Betfair', ' 1.75 ', 'Betfair', ' 3.7 ', 'Sportium', '4.60']"
0.9442,"['Frankfurt', 'Hannover 96']","['Sportium', '1.75', 'Betfair', ' 3.7 ', 'Sportium', '4.60']"
0.9441,"['Barcelona', 'Atletico de Madrid']","['Betfair', ' 1.72 ', 'Sportium', '3.60', 'Betfair', ' 5.0 ']"
0.9441,"['Roma', 'Shaktar']","['Sportium', '1.72', 'Betfair', ' 3.6 ', 'Sportium', '5.00']"
0.9441,"['Manchester United', 'Sevilla']","['Sportium', '1.72', 'Betfair', ' 3.6 ', 'Sportium', '5.00']"
0.9441,"['Southampton', 'Stoke City']","['Sportium', '1.72', 'Sportium', '3.60', 'Betfair', ' 5.0 ']"
0.944,"['Roma', 'Torino']","['Betfair', ' 1.61 ', 'Sportium', '3.90', 'Betfair', ' 5.5 ']"
0.9439,"['RB Leipzig', 'Borussia Dormund']","['Sportium', '2.50', 'Betfair', ' 3.6 ', 'Betfair', ' 2.62 ']"
0.9439,"['RB Leipzig', 'Borussia Dormund']","['Sportium', '2.50', 'Betfair', ' 3.6 ', 'Sportium', '2.62']"
0.9438,"['Celta de Vigo', 'Las Palmas']","['Betfair', ' 1.44 ', 'Sportium', '4.50', 'Sportium', '7.00']"
0.9438,"['West Brom Albion', 'Leicester']","['Betfair', ' 2.9 ', 'Sportium', '3.10', 'Sportium', '2.55']"
0.9438,"['RB Leipzig', 'Borussia Dormund']","['Betfair', ' 2.55 ', 'Sportium', '3.50', 'Betfair', ' 2.62 ']"
0.9438,"['RB Leipzig', 'Borussia Dormund']","['Betfair', ' 2.55 ', 'Sportium', '3.50', 'Sportium', '2.62']"
0.9438,"['Oly. de Marsella', 'Nantes']","['Betfair', ' 1.5 ', 'Sportium', '4.00', 'Betfair', ' 7.0 ']"
0.9438,"['Borussia Dormund', 'RB Salzburg']","['Betfair', ' 1.44 ', 'Sportium', '4.50', 'Betfair', ' 7.0 ']"
0.9438,"['Borussia Dormund', 'RB Salzburg']","['Sportium', '1.44', 'Sportium', '4.50', 'Betfair', ' 7.0 ']"
0.9438,"['Lazio', 'Dinamo Kiev']","['Betfair', ' 1.44 ', 'Sportium', '4.50', 'Betfair', ' 7.0 ']"
0.9438,"['Lazio', 'Dinamo Kiev']","['Sportium', '1.44', 'Sportium', '4.50', 'Betfair', ' 7.0 ']"
0.9437,"['Friburgo', 'Bayern Munchen']","['Sportium', '10.00', 'Sportium', '5.25', 'Betfair', ' 1.3 ']"
0.9437,"['Hoffenheim', 'Wolfsburg']","['Sportium', '1.83', 'Betfair', ' 3.8 ', 'Sportium', '4.00']"
0.9435,"['Udinese', 'Fiorentina']","['Betfair', ' 3.25 ', 'Betfair', ' 3.25 ', 'Sportium', '2.25']"
0.9435,"['Udinese', 'Fiorentina']","['Sportium', '3.25', 'Betfair', ' 3.25 ', 'Sportium', '2.25']"
0.9434,"['Getafe', 'Levante']","['Betfair', ' 1.83 ', 'Sportium', '3.30', 'Betfair', ' 4.75 ']"
0.9434,"['Hellas Verona', 'Chievo']","['Betfair', ' 3.2 ', 'Betfair', ' 3.3 ', 'Sportium', '2.25']"
0.9434,"['Hellas Verona', 'Chievo']","['Betfair', ' 3.2 ', 'Sportium', '3.30', 'Sportium', '2.25']"
0.9434,"['Hellas Verona', 'Chievo']","['Sportium', '3.20', 'Betfair', ' 3.3 ', 'Sportium', '2.25']"
0.9432,"['Getafe', 'Levante']","['Sportium', '1.80', 'Betfair', ' 3.4 ', 'Betfair', ' 4.75 ']"
0.943,"['Ausburg', 'Hoffenheim']","['Betfair', ' 2.62 ', 'Betfair', ' 3.4 ', 'Sportium', '2.60']"
0.9429,"['Chievo', 'Sassuolo']","['Sportium', '2.35', 'Betfair', ' 3.2 ', 'Betfair', ' 3.1 ']"
0.9427,"['Roma', 'Torino']","['Sportium', '1.66', 'Betfair', ' 4.0 ', 'Sportium', '4.80']"
0.9424,"['Wolfsburg', 'Bayern Leverkusen']","['Sportium', '3.20', 'Sportium', '3.40', 'Betfair', ' 2.2 ']"
0.9424,"['Hertha Berlin', 'Friburgo']","['Sportium', '2.20', 'Betfair', ' 3.2 ', 'Sportium', '3.40']"
0.942,"['Borussia Dormund', 'Frankfurt']","['Sportium', '1.61', 'Betfair', ' 4.0 ', 'Sportium', '5.25']"
0.9418,"['Burnley', 'Everton']","['Sportium', '2.40', 'Betfair', ' 3.1 ', 'Sportium', '3.10']"
0.9418,"['SPAL', 'Bolonia']","['Sportium', '2.40', 'Sportium', '3.10', 'Betfair', ' 3.1 ']"
0.9418,"['Chievo', 'Sassuolo']","['Betfair', ' 2.4 ', 'Sportium', '3.10', 'Betfair', ' 3.1 ']"
0.9418,"['Amiens', 'Rennes']","['Betfair', ' 3.1 ', 'Betfair', ' 3.1 ', 'Sportium', '2.40']"
0.9416,"['Schalke 04', 'Hertha Berlin']","['Betfair', ' 1.66 ', 'Sportium', '3.60', 'Betfair', ' 5.5 ']"
0.9416,"['Schalke 04', 'Hertha Berlin']","['Betfair', ' 1.66 ', 'Sportium', '3.60', 'Sportium', '5.50']"
0.9416,"['Schalke 04', 'Hertha Berlin']","['Sportium', '1.66', 'Sportium', '3.60', 'Betfair', ' 5.5 ']"
0.9416,"['Werder Bremen', 'Colonia']","['Sportium', '1.90', 'Betfair', ' 3.5 ', 'Sportium', '4.00']"
0.9414,"['Atalanta', 'Sampdoria']","['Betfair', ' 1.72 ', 'Sportium', '3.70', 'Betfair', ' 4.75 ']"
0.9412,"['Colonia', 'Stuttgart']","['Betfair', ' 2.4 ', 'Sportium', '3.20', 'Betfair', ' 3.0 ']"
0.9412,"['Hannover 96', 'Ausburg']","['Sportium', '2.40', 'Betfair', ' 3.2 ', 'Sportium', '3.00']"
0.9412,"['Monaco', 'Bordeaux']","['Betfair', ' 1.65 ', 'Sportium', '3.90', 'Sportium', '5.00']"
0.941,"['Napoles', 'Roma']","['Sportium', '1.57', 'Betfair', ' 4.1 ', 'Sportium', '5.50']"
0.9408,"['Atletico de Madrid', 'Celta de Vigo']","['Sportium', '1.40', 'Betfair', ' 4.33 ', 'Sportium', '8.50']"
0.9408,"['Sporting de Lisboa', 'Viktoria Plzen']","['Betfair', ' 1.4 ', 'Sportium', '4.33', 'Betfair', ' 8.5 ']"
0.9408,"['Sporting de Lisboa', 'Viktoria Plzen']","['Sportium', '1.40', 'Sportium', '4.33', 'Betfair', ' 8.5 ']"
0.9407,"['Chelsea', 'Crystal Palace']","['Betfair', ' 1.28 ', 'Betfair', ' 5.5 ', 'Sportium', '10.00']"
0.9406,"['Newcastle', 'Southampton']","['Betfair', ' 2.55 ', 'Sportium', '3.10', 'Betfair', ' 2.87 ']"
0.9406,"['Newcastle', 'Southampton']","['Betfair', ' 2.55 ', 'Sportium', '3.10', 'Sportium', '2.87']"
0.9406,"['Newcastle', 'Southampton']","['Sportium', '2.55', 'Sportium', '3.10', 'Betfair', ' 2.87 ']"
0.9404,"['Manchester City', 'Chelsea']","['Betfair', ' 1.61 ', 'Sportium', '4.00', 'Sportium', '5.20']"
0.9404,"['Everton', 'Brighton']","['Betfair', ' 1.95 ', 'Sportium', '3.20', 'Betfair', ' 4.2 ']"
0.9404,"['Wolfsburg', 'Bayern Leverkusen']","['Sportium', '3.20', 'Betfair', ' 3.5 ', 'Sportium', '2.15']"
0.9403,"['Villarreal', 'Girona']","['Betfair', ' 1.8 ', 'Sportium', '3.50', 'Sportium', '4.50']"
0.9403,"['West ham', 'Burnley']","['Sportium', '2.25', 'Sportium', '3.00', 'Betfair', ' 3.5 ']"
0.9403,"['Monchengladbach', 'Werder Bremen']","['Betfair', ' 2.0 ', 'Betfair', ' 3.5 ', 'Sportium', '3.60']"
0.9403,"['Monchengladbach', 'Werder Bremen']","['Sportium', '2.00', 'Betfair', ' 3.5 ', 'Sportium', '3.60']"
0.94,"['Crystal Palace', 'Manchester United']","['Betfair', ' 6.5 ', 'Sportium', '3.90', 'Sportium', '1.53']"
0.9398,"['Real Madrid', 'Getafe']","['Betfair', ' 1.2 ', 'Sportium', '6.50', 'Sportium', '13.00']"
0.9398,"['Huddersfield town', 'Swansea']","['Betfair', ' 2.45 ', 'Betfair', ' 3.1 ', 'Sportium', '3.00']"
0.9398,"['Huddersfield town', 'Swansea']","['Betfair', ' 2.45 ', 'Sportium', '3.00', 'Betfair', ' 3.1 ']"
0.9398,"['AC Milan', 'Inter de Mil\xef\xbf\xbdn']","['Betfair', ' 2.45 ', 'Sportium', '3.10', 'Sportium', '3.00']"
0.9398,"['Angers', 'Guingamp']","['Betfair', ' 2.0 ', 'Betfair', ' 3.25 ', 'Sportium', '3.90']"
0.9398,"['Angers', 'Guingamp']","['Sportium', '2.00', 'Betfair', ' 3.25 ', 'Sportium', '3.90']"
0.9396,"['Valencia', 'Betis']","['Betfair', ' 1.47 ', 'Sportium', '4.60', 'Betfair', ' 6.0 ']"
0.9396,"['Besiktas', 'Bayern Munich']","['Betfair', ' 6.0 ', 'Betfair', ' 4.33 ', 'Sportium', '1.50']"
0.9395,"['Benevento', 'Hellas Verona']","['Betfair', ' 2.1 ', 'Sportium', '3.40', 'Betfair', ' 3.4 ']"
0.9394,"['Espa\xef\xbf\xbdol', 'Real sociedad']","['Betfair', ' 2.4 ', 'Betfair', ' 3.3 ', 'Sportium', '2.90']"
0.9394,"['Espa\xef\xbf\xbdol', 'Real sociedad']","['Sportium', '2.40', 'Betfair', ' 3.3 ', 'Sportium', '2.90']"
0.9394,"['Colonia', 'Stuttgart']","['Betfair', ' 2.4 ', 'Betfair', ' 3.3 ', 'Sportium', '2.90']"
0.9393,"['Eibar', 'Real Madrid']","['Betfair', ' 7.0 ', 'Sportium', '4.40', 'Betfair', ' 1.44 ']"
0.9393,"['Eibar', 'Real Madrid']","['Betfair', ' 7.0 ', 'Sportium', '4.40', 'Sportium', '1.44']"
0.9393,"['Udinese', 'Fiorentina']","['Betfair', ' 3.25 ', 'Sportium', '3.20', 'Sportium', '2.25']"
0.939,"['Benevento', 'Hellas Verona']","['Betfair', ' 2.1 ', 'Betfair', ' 3.5 ', 'Sportium', '3.30']"
0.939,"['Torino', 'Crotone']","['Betfair', ' 1.4 ', 'Betfair', ' 4.6 ', 'Sportium', '7.50']"
0.939,"['Inter de Mil\xef\xbf\xbdn', 'Napoles']","['Sportium', '3.50', 'Betfair', ' 3.3 ', 'Sportium', '2.10']"
0.939,"['Caen', 'Estraburgo']","['Betfair', ' 2.1 ', 'Betfair', ' 3.3 ', 'Sportium', '3.50']"
0.9389,"['Hamburg', 'Mainz 05']","['Betfair', ' 2.3 ', 'Sportium', '3.10', 'Sportium', '3.25']"
0.9388,"['Stoke City', 'Manchester City']","['Sportium', '12.00', 'Betfair', ' 5.5 ', 'Sportium', '1.25']"
0.9386,"['Caen', 'Estraburgo']","['Betfair', ' 2.1 ', 'Sportium', '3.10', 'Betfair', ' 3.75 ']"
0.9385,"['Bournemouth', 'Tottenham']","['Sportium', '5.25', 'Betfair', ' 4.0 ', 'Sportium', '1.60']"
0.9385,"['Niza', 'Lille']","['Sportium', '1.75', 'Betfair', ' 3.5 ', 'Sportium', '4.80']"
0.9385,"['Niza', 'Lille']","['Sportium', '1.75', 'Sportium', '3.40', 'Betfair', ' 5.0 ']"
0.9385,"['RB Leipzig', 'Zenit']","['Sportium', '1.66', 'Betfair', ' 3.8 ', 'Betfair', ' 5.0 ']"
0.9385,"['RB Leipzig', 'Zenit']","['Sportium', '1.66', 'Sportium', '3.80', 'Betfair', ' 5.0 ']"
0.9384,"['Eibar', 'Real Madrid']","['Sportium', '6.50', 'Betfair', ' 4.6 ', 'Betfair', ' 1.44 ']"
0.9384,"['Eibar', 'Real Madrid']","['Sportium', '6.50', 'Betfair', ' 4.6 ', 'Sportium', '1.44']"
0.9382,"['Everton', 'Brighton']","['Betfair', ' 1.95 ', 'Betfair', ' 3.3 ', 'Sportium', '4.00']"
0.9381,"['Barcelona', 'Atletico de Madrid']","['Sportium', '1.70', 'Sportium', '3.60', 'Betfair', ' 5.0 ']"
0.9381,"['Saint Etienne', 'Dijon']","['Betfair', ' 1.7 ', 'Sportium', '3.60', 'Betfair', ' 5.0 ']"
0.9376,"['Sevilla', 'Athletic de Bilbao']","['Betfair', ' 1.75 ', 'Sportium', '3.60', 'Sportium', '4.60']"
0.9375,"['Levante', 'Espa\xef\xbf\xbdol']","['Betfair', ' 3.0 ', 'Sportium', '3.00', 'Sportium', '2.50']"
0.9375,"['Swansea', 'West ham']","['Betfair', ' 2.5 ', 'Sportium', '3.00', 'Betfair', ' 3.0 ']"
0.9375,"['Swansea', 'West ham']","['Sportium', '2.50', 'Sportium', '3.00', 'Betfair', ' 3.0 ']"
0.9372,"['Watford', 'West Brom Albion']","['Sportium', '2.05', 'Sportium', '3.20', 'Betfair', ' 3.75 ']"
0.9371,"['AC Milan', 'Inter de Mil\xef\xbf\xbdn']","['Sportium', '2.37', 'Sportium', '3.10', 'Betfair', ' 3.1 ']"
0.9369,"['RB Leipzig', 'Borussia Dormund']","['Sportium', '2.50', 'Sportium', '3.50', 'Betfair', ' 2.62 ']"
0.9368,"['Barcelona', 'Atletico de Madrid']","['Betfair', ' 1.72 ', 'Sportium', '3.60', 'Sportium', '4.80']"
0.9368,"['Swansea', 'West ham']","['Betfair', ' 2.5 ', 'Betfair', ' 3.1 ', 'Sportium', '2.90']"
0.9368,"['Swansea', 'West ham']","['Sportium', '2.50', 'Betfair', ' 3.1 ', 'Sportium', '2.90']"
0.9368,"['West Brom Albion', 'Leicester']","['Betfair', ' 2.9 ', 'Sportium', '3.10', 'Betfair', ' 2.5 ']"
0.9368,"['West Brom Albion', 'Leicester']","['Sportium', '2.90', 'Sportium', '3.10', 'Betfair', ' 2.5 ']"
0.9368,"['Sassuolo', 'SPAL']","['Betfair', ' 1.9 ', 'Sportium', '3.30', 'Betfair', ' 4.2 ']"
0.9366,"['Arsenal', 'Watford']","['Betfair', ' 1.4 ', 'Betfair', ' 4.75 ', 'Sportium', '7.00']"
0.9366,"['Arsenal', 'Watford']","['Betfair', ' 1.4 ', 'Sportium', '4.75', 'Sportium', '7.00']"
0.9366,"['Arsenal', 'Watford']","['Sportium', '1.40', 'Betfair', ' 4.75 ', 'Sportium', '7.00']"
0.9366,"['Stoke City', 'Manchester City']","['Betfair', ' 10.5 ', 'Sportium', '5.80', 'Sportium', '1.25']"
0.9365,"['AC Milan', 'Inter de Mil\xef\xbf\xbdn']","['Sportium', '2.37', 'Betfair', ' 3.2 ', 'Sportium', '3.00']"
0.9359,"['Sassuolo', 'SPAL']","['Betfair', ' 1.9 ', 'Betfair', ' 3.5 ', 'Sportium', '3.90']"
0.9359,"['Werder Bremen', 'Colonia']","['Sportium', '1.90', 'Betfair', ' 3.5 ', 'Betfair', ' 3.9 ']"
0.9359,"['Werder Bremen', 'Colonia']","['Sportium', '1.90', 'Sportium', '3.50', 'Betfair', ' 3.9 ']"
0.9357,"['Hoffenheim', 'Wolfsburg']","['Betfair', ' 1.8 ', 'Betfair', ' 3.8 ', 'Sportium', '4.00']"
0.9355,"['Angers', 'Guingamp']","['Betfair', ' 2.0 ', 'Sportium', '3.20', 'Sportium', '3.90']"
0.9354,"['Getafe', 'Levante']","['Sportium', '1.80', 'Sportium', '3.30', 'Betfair', ' 4.75 ']"
0.9354,"['Atalanta', 'Sampdoria']","['Betfair', ' 1.72 ', 'Sportium', '3.70', 'Sportium', '4.60']"
0.9353,"['Espa\xef\xbf\xbdol', 'Real sociedad']","['Betfair', ' 2.4 ', 'Sportium', '3.25', 'Sportium', '2.90']"
0.9352,"['Ausburg', 'Hoffenheim']","['Betfair', ' 2.62 ', 'Sportium', '3.30', 'Sportium', '2.60']"
0.9348,"['Manchester United', 'Sevilla']","['Sportium', '1.72', 'Betfair', ' 3.6 ', 'Betfair', ' 4.75 ']"
0.9347,"['Barcelona', 'Chelsea']","['Betfair', ' 1.4 ', 'Sportium', '4.50', 'Sportium', '7.50']"
0.9345,"['Mainz 05', 'Schalke 04']","['Betfair', ' 3.1 ', 'Sportium', '3.30', 'Betfair', ' 2.25 ']"
0.9345,"['Mainz 05', 'Schalke 04']","['Betfair', ' 3.1 ', 'Sportium', '3.30', 'Sportium', '2.25']"
0.9345,"['Mainz 05', 'Schalke 04']","['Sportium', '3.10', 'Sportium', '3.30', 'Betfair', ' 2.25 ']"
0.9344,"['Atletico de Madrid', 'Celta de Vigo']","['Sportium', '1.40', 'Betfair', ' 4.33 ', 'Betfair', ' 8.0 ']"
0.9343,"['Genova', 'AC Milan']","['Betfair', ' 2.9 ', 'Sportium', '3.00', 'Sportium', '2.55']"
0.9342,"['Genova', 'Cagliari']","['Betfair', ' 1.85 ', 'Sportium', '3.25', 'Sportium', '4.50']"
0.934,"['Chievo', 'Sassuolo']","['Sportium', '2.35', 'Sportium', '3.10', 'Betfair', ' 3.1 ']"
0.9336,"['Roma', 'Shaktar']","['Betfair', ' 1.61 ', 'Sportium', '4.00', 'Sportium', '5.00']"
0.9336,"['Borussia Dormund', 'Frankfurt']","['Sportium', '1.61', 'Betfair', ' 4.0 ', 'Betfair', ' 5.0 ']"
0.9333,"['Oly. de Marsella', 'Nantes']","['Betfair', ' 1.5 ', 'Betfair', ' 4.2 ', 'Sportium', '6.00']"
0.9332,"['Valencia', 'Betis']","['Sportium', '1.44', 'Betfair', ' 4.75 ', 'Betfair', ' 6.0 ']"
0.9329,"['Monchengladbach', 'Werder Bremen']","['Betfair', ' 2.0 ', 'Sportium', '3.40', 'Sportium', '3.60']"
0.9323,"['Amiens', 'Rennes']","['Betfair', ' 3.1 ', 'Sportium', '3.00', 'Sportium', '2.40']"
0.9317,"['Benevento', 'Hellas Verona']","['Betfair', ' 2.1 ', 'Sportium', '3.40', 'Sportium', '3.30']"
0.9317,"['Inter de Mil\xef\xbf\xbdn', 'Napoles']","['Betfair', ' 3.3 ', 'Sportium', '3.40', 'Sportium', '2.10']"
0.9316,"['Manchester United', 'Liverpool']","['Sportium', '2.50', 'Sportium', '3.30', 'Betfair', ' 2.7 ']"
0.9315,"['Chelsea', 'Crystal Palace']","['Betfair', ' 1.28 ', 'Sportium', '5.20', 'Sportium', '10.00']"
0.9311,"['Colonia', 'Stuttgart']","['Betfair', ' 2.4 ', 'Sportium', '3.20', 'Sportium', '2.90']"
0.9311,"['Stuttgart', 'RB Leipzig']","['Sportium', '2.90', 'Betfair', ' 3.2 ', 'Sportium', '2.40']"
0.9306,"['Atletico de Madrid', 'Celta de Vigo']","['Sportium', '1.40', 'Sportium', '4.25', 'Betfair', ' 8.0 ']"
0.9306,"['Torino', 'Crotone']","['Betfair', ' 1.4 ', 'Sportium', '4.25', 'Betfair', ' 8.0 ']"
0.9306,"['Frankfurt', 'Hannover 96']","['Betfair', ' 1.75 ', 'Sportium', '3.50', 'Sportium', '4.60']"
0.9304,"['Huddersfield town', 'Swansea']","['Betfair', ' 2.45 ', 'Sportium', '3.00', 'Sportium', '3.00']"
0.9302,"['Bournemouth', 'Tottenham']","['Betfair', ' 5.0 ', 'Betfair', ' 4.0 ', 'Sportium', '1.60']"
0.9302,"['Bournemouth', 'Tottenham']","['Betfair', ' 5.0 ', 'Sportium', '4.00', 'Sportium', '1.60']"
0.93,"['Everton', 'Brighton']","['Betfair', ' 1.95 ', 'Sportium', '3.20', 'Sportium', '4.00']"
0.9297,"['Eibar', 'Real Madrid']","['Sportium', '6.50', 'Sportium', '4.40', 'Betfair', ' 1.44 ']"
0.9297,"['Bolonia', 'Atalanta']","['Betfair', ' 3.8 ', 'Betfair', ' 3.2 ', 'Sportium', '2.00']"
0.9297,"['Bolonia', 'Atalanta']","['Betfair', ' 3.8 ', 'Sportium', '3.20', 'Sportium', '2.00']"
0.9297,"['Bolonia', 'Atalanta']","['Sportium', '3.80', 'Betfair', ' 3.2 ', 'Sportium', '2.00']"
0.9295,"['Hoffenheim', 'Wolfsburg']","['Betfair', ' 1.8 ', 'Sportium', '3.70', 'Sportium', '4.00']"
0.9293,"['Manchester United', 'Liverpool']","['Sportium', '2.50', 'Betfair', ' 3.2 ', 'Sportium', '2.75']"
0.9289,"['Saint Etienne', 'Dijon']","['Betfair', ' 1.7 ', 'Sportium', '3.60', 'Sportium', '4.75']"
0.9285,"['Stoke City', 'Manchester City']","['Betfair', ' 10.5 ', 'Betfair', ' 5.5 ', 'Sportium', '1.25']"
0.928,"['Cagliari', 'Lazio']","['Betfair', ' 5.0 ', 'Sportium', '3.90', 'Sportium', '1.61']"
0.928,"['Borussia Dormund', 'Frankfurt']","['Sportium', '1.61', 'Sportium', '3.90', 'Betfair', ' 5.0 ']"
0.9275,"['Swansea', 'West ham']","['Betfair', ' 2.5 ', 'Sportium', '3.00', 'Sportium', '2.90']"
0.9272,"['Valencia', 'Betis']","['Sportium', '1.44', 'Sportium', '4.60', 'Betfair', ' 6.0 ']"
0.9272,"['Barcelona', 'Chelsea']","['Betfair', ' 1.4 ', 'Betfair', ' 4.33 ', 'Sportium', '7.50']"
0.9271,"['West ham', 'Burnley']","['Sportium', '2.25', 'Betfair', ' 2.87 ', 'Betfair', ' 3.5 ']"
0.9264,"['Roma', 'Torino']","['Betfair', ' 1.61 ', 'Betfair', ' 4.0 ', 'Sportium', '4.80']"
0.9263,"['Hertha Berlin', 'Friburgo']","['Sportium', '2.20', 'Betfair', ' 3.2 ', 'Betfair', ' 3.2 ']"
0.9263,"['Hertha Berlin', 'Friburgo']","['Sportium', '2.20', 'Sportium', '3.20', 'Betfair', ' 3.2 ']"
0.9254,"['Hannover 96', 'Ausburg']","['Betfair', ' 2.3 ', 'Betfair', ' 3.2 ', 'Sportium', '3.00']"
0.9254,"['Hannover 96', 'Ausburg']","['Betfair', ' 2.3 ', 'Sportium', '3.20', 'Sportium', '3.00']"
0.9247,"['Roma', 'Shaktar']","['Sportium', '1.72', 'Betfair', ' 3.6 ', 'Betfair', ' 4.5 ']"
0.924,"['Inter de Mil\xef\xbf\xbdn', 'Napoles']","['Betfair', ' 3.3 ', 'Betfair', ' 3.3 ', 'Sportium', '2.10']"
0.9235,"['Manchester United', 'Liverpool']","['Sportium', '2.50', 'Betfair', ' 3.2 ', 'Betfair', ' 2.7 ']"
0.9235,"['Hertha Berlin', 'Friburgo']","['Betfair', ' 2.1 ', 'Betfair', ' 3.2 ', 'Sportium', '3.40']"
0.9235,"['Hertha Berlin', 'Friburgo']","['Betfair', ' 2.1 ', 'Sportium', '3.20', 'Sportium', '3.40']"
0.9234,"['Torino', 'Crotone']","['Betfair', ' 1.4 ', 'Sportium', '4.25', 'Sportium', '7.50']"
0.9231,"['Barcelona', 'Chelsea']","['Sportium', '1.44', 'Sportium', '4.50', 'Betfair', ' 6.0 ']"
0.9231,"['Oly. de Marsella', 'Nantes']","['Betfair', ' 1.5 ', 'Sportium', '4.00', 'Sportium', '6.00']"
0.9227,"['Cagliari', 'Lazio']","['Sportium', '5.25', 'Sportium', '3.90', 'Betfair', ' 1.57 ']"
0.9221,"['Caen', 'Estraburgo']","['Betfair', ' 2.1 ', 'Sportium', '3.10', 'Sportium', '3.50']"
0.9213,"['Genova', 'AC Milan']","['Betfair', ' 2.9 ', 'Betfair', ' 2.87 ', 'Sportium', '2.55']"
0.921,"['Sassuolo', 'SPAL']","['Betfair', ' 1.9 ', 'Sportium', '3.30', 'Sportium', '3.90']"
0.9209,"['Roma', 'Torino']","['Betfair', ' 1.61 ', 'Sportium', '3.90', 'Sportium', '4.80']"
0.9205,"['Hannover 96', 'Ausburg']","['Sportium', '2.40', 'Betfair', ' 3.2 ', 'Betfair', ' 2.8 ']"
0.9205,"['Hannover 96', 'Ausburg']","['Sportium', '2.40', 'Sportium', '3.20', 'Betfair', ' 2.8 ']"
0.92,"['West ham', 'Burnley']","['Sportium', '2.25', 'Betfair', ' 2.87 ', 'Sportium', '3.40']"
0.9197,"['Stuttgart', 'RB Leipzig']","['Sportium', '2.90', 'Sportium', '3.25', 'Betfair', ' 2.3 ']"
0.9193,"['Manchester United', 'Sevilla']","['Betfair', ' 1.61 ', 'Sportium', '3.75', 'Sportium', '5.00']"
0.9191,"['Stuttgart', 'RB Leipzig']","['Betfair', ' 2.75 ', 'Sportium', '3.25', 'Sportium', '2.40']"
0.9183,"['Genova', 'AC Milan']","['Sportium', '2.87', 'Betfair', ' 2.87 ', 'Sportium', '2.55']"
0.918,"['Cagliari', 'Lazio']","['Sportium', '5.25', 'Betfair', ' 3.6 ', 'Sportium', '1.61']"
0.9179,"['Manchester City', 'Basel']","['Betfair', ' 1.08 ', 'Betfair', ' 8.0 ', 'Sportium', '26.00']"
0.9179,"['Manchester City', 'Basel']","['Betfair', ' 1.08 ', 'Sportium', '8.00', 'Sportium', '26.00']"
0.9169,"['Bayern Munchen', 'Hamburg']","['Betfair', ' 1.07 ', 'Sportium', '8.50', 'Sportium', '26.00']"
0.9157,"['Barcelona', 'Chelsea']","['Sportium', '1.44', 'Betfair', ' 4.33 ', 'Betfair', ' 6.0 ']"
0.9157,"['Stuttgart', 'RB Leipzig']","['Sportium', '2.90', 'Betfair', ' 3.2 ', 'Betfair', ' 2.3 ']"
0.9152,"['Inter de Mil\xef\xbf\xbdn', 'Napoles']","['Sportium', '3.50', 'Sportium', '3.40', 'Betfair', ' 1.95 ']"
0.9151,"['Stuttgart', 'RB Leipzig']","['Betfair', ' 2.75 ', 'Betfair', ' 3.2 ', 'Sportium', '2.40']"
0.9146,"['Roma', 'Shaktar']","['Betfair', ' 1.61 ', 'Sportium', '4.00', 'Betfair', ' 4.5 ']"
0.9146,"['Cagliari', 'Lazio']","['Betfair', ' 5.0 ', 'Sportium', '3.90', 'Betfair', ' 1.57 ']"
0.9134,"['Genova', 'AC Milan']","['Betfair', ' 2.9 ', 'Sportium', '3.00', 'Betfair', ' 2.4 ']"
0.913,"['West ham', 'Burnley']","['Betfair', ' 2.1 ', 'Sportium', '3.00', 'Betfair', ' 3.5 ']"
0.9107,"['Bayern Munchen', 'Hamburg']","['Betfair', ' 1.07 ', 'Betfair', ' 8.0 ', 'Sportium', '26.00']"
0.9105,"['Manchester United', 'Sevilla']","['Betfair', ' 1.61 ', 'Sportium', '3.75', 'Betfair', ' 4.75 ']"
0.9104,"['Genova', 'AC Milan']","['Sportium', '2.87', 'Sportium', '3.00', 'Betfair', ' 2.4 ']"
0.9103,"['Fiorentina', 'Benevento']","['Betfair', ' 1.2 ', 'Betfair', ' 5.5 ', 'Sportium', '12.00']"
0.9103,"['Fiorentina', 'Benevento']","['Betfair', ' 1.2 ', 'Sportium', '5.50', 'Sportium', '12.00']"
0.91,"['Roma', 'Shaktar']","['Betfair', ' 1.61 ', 'Betfair', ' 3.6 ', 'Sportium', '5.00']"
0.91,"['Manchester United', 'Sevilla']","['Betfair', ' 1.61 ', 'Betfair', ' 3.6 ', 'Sportium', '5.00']"
0.91,"['Cagliari', 'Lazio']","['Betfair', ' 5.0 ', 'Betfair', ' 3.6 ', 'Sportium', '1.61']"
0.9092,"['Bayern Munchen', 'Hamburg']","['Betfair', ' 1.07 ', 'Sportium', '8.50', 'Betfair', ' 21.0 ']"
0.9087,"['Atletico de Madrid', 'Celta de Vigo']","['Betfair', ' 1.33 ', 'Betfair', ' 4.33 ', 'Sportium', '8.50']"
0.9081,"['Hertha Berlin', 'Friburgo']","['Betfair', ' 2.1 ', 'Sportium', '3.20', 'Betfair', ' 3.2 ']"
0.9079,"['Manchester United', 'Liverpool']","['Betfair', ' 2.3 ', 'Sportium', '3.30', 'Sportium', '2.75']"
0.9078,"['Inter de Mil\xef\xbf\xbdn', 'Napoles']","['Sportium', '3.50', 'Betfair', ' 3.3 ', 'Betfair', ' 1.95 ']"
0.9075,"['Bolonia', 'Atalanta']","['Betfair', ' 3.8 ', 'Sportium', '3.20', 'Betfair', ' 1.9 ']"
0.9075,"['Bolonia', 'Atalanta']","['Sportium', '3.80', 'Betfair', ' 3.2 ', 'Betfair', ' 1.9 ']"
0.9075,"['Bolonia', 'Atalanta']","['Sportium', '3.80', 'Sportium', '3.20', 'Betfair', ' 1.9 ']"
0.9065,"['Barcelona', 'Chelsea']","['Betfair', ' 1.4 ', 'Sportium', '4.50', 'Betfair', ' 6.0 ']"
0.9065,"['Stoke City', 'Manchester City']","['Sportium', '12.00', 'Sportium', '5.80', 'Betfair', ' 1.18 ']"
0.9062,"['Manchester City', 'Basel']","['Betfair', ' 1.08 ', 'Sportium', '8.00', 'Betfair', ' 19.0 ']"
0.9061,"['West ham', 'Burnley']","['Betfair', ' 2.1 ', 'Sportium', '3.00', 'Sportium', '3.40']"
0.9054,"['Hannover 96', 'Ausburg']","['Betfair', ' 2.3 ', 'Sportium', '3.20', 'Betfair', ' 2.8 ']"
0.9051,"['Atletico de Madrid', 'Celta de Vigo']","['Betfair', ' 1.33 ', 'Sportium', '4.25', 'Sportium', '8.50']"
0.9048,"['Cagliari', 'Lazio']","['Sportium', '5.25', 'Betfair', ' 3.6 ', 'Betfair', ' 1.57 ']"
0.9041,"['Stuttgart', 'RB Leipzig']","['Betfair', ' 2.75 ', 'Sportium', '3.25', 'Betfair', ' 2.3 ']"
0.9032,"['Bournemouth', 'Tottenham']","['Sportium', '5.25', 'Betfair', ' 4.0 ', 'Betfair', ' 1.5 ']"
0.9032,"['Bournemouth', 'Tottenham']","['Sportium', '5.25', 'Sportium', '4.00', 'Betfair', ' 1.5 ']"
0.9032,"['Borussia Dormund', 'Frankfurt']","['Betfair', ' 1.5 ', 'Betfair', ' 4.0 ', 'Sportium', '5.25']"
0.9032,"['Werder Bremen', 'Colonia']","['Betfair', ' 1.75 ', 'Betfair', ' 3.5 ', 'Sportium', '4.00']"
0.9032,"['Werder Bremen', 'Colonia']","['Betfair', ' 1.75 ', 'Sportium', '3.50', 'Sportium', '4.00']"
0.9024,"['Manchester United', 'Liverpool']","['Betfair', ' 2.3 ', 'Sportium', '3.30', 'Betfair', ' 2.7 ']"
0.9009,"['Inter de Mil\xef\xbf\xbdn', 'Napoles']","['Betfair', ' 3.3 ', 'Sportium', '3.40', 'Betfair', ' 1.95 ']"
0.9006,"['Fiorentina', 'Benevento']","['Betfair', ' 1.2 ', 'Sportium', '5.50', 'Betfair', ' 10.5 ']"
0.9002,"['Manchester United', 'Liverpool']","['Betfair', ' 2.3 ', 'Betfair', ' 3.2 ', 'Sportium', '2.75']"
0.8998,"['Besiktas', 'Bayern Munich']","['Sportium', '6.50', 'Sportium', '4.50', 'Betfair', ' 1.36 ']"
0.8991,"['Atletico de Madrid', 'Celta de Vigo']","['Betfair', ' 1.33 ', 'Sportium', '4.25', 'Betfair', ' 8.0 ']"
0.8988,"['Stoke City', 'Manchester City']","['Sportium', '12.00', 'Betfair', ' 5.5 ', 'Betfair', ' 1.18 ']"
0.898,"['Genova', 'AC Milan']","['Sportium', '2.87', 'Betfair', ' 2.87 ', 'Betfair', ' 2.4 ']"
0.898,"['Borussia Dormund', 'Frankfurt']","['Betfair', ' 1.5 ', 'Sportium', '3.90', 'Sportium', '5.25']"
0.898,"['Werder Bremen', 'Colonia']","['Betfair', ' 1.75 ', 'Sportium', '3.50', 'Betfair', ' 3.9 ']"
0.8968,"['Stoke City', 'Manchester City']","['Betfair', ' 10.5 ', 'Sportium', '5.80', 'Betfair', ' 1.18 ']"
0.8955,"['Bournemouth', 'Tottenham']","['Betfair', ' 5.0 ', 'Sportium', '4.00', 'Betfair', ' 1.5 ']"
0.8939,"['West ham', 'Burnley']","['Betfair', ' 2.1 ', 'Betfair', ' 2.87 ', 'Sportium', '3.40']"
0.8928,"['Besiktas', 'Bayern Munich']","['Sportium', '6.50', 'Betfair', ' 4.33 ', 'Betfair', ' 1.36 ']"
0.8904,"['Borussia Dormund', 'Frankfurt']","['Betfair', ' 1.5 ', 'Sportium', '3.90', 'Betfair', ' 5.0 ']"
0.8895,"['Besiktas', 'Bayern Munich']","['Betfair', ' 6.0 ', 'Sportium', '4.50', 'Betfair', ' 1.36 ']"
